{
	"partitions" : [
		{
			"name" : "Top",
			"pins" : [
				{
					"name" : "S0",
					"strict" : false
				},
				{
					"name" : "S1",
					"strict" : false
				},
				{
					"name" : "S2",
					"strict" : false
				},
				{
					"name" : "S3",
					"strict" : false
				},
				{
					"name" : "S4",
					"strict" : false
				},
				{
					"name" : "S5",
					"strict" : false
				},
				{
					"name" : "S6",
					"strict" : false
				},
				{
					"name" : "S0_hex",
					"strict" : false
				},
				{
					"name" : "S1_hex",
					"strict" : false
				},
				{
					"name" : "S3_hex",
					"strict" : false
				},
				{
					"name" : "S4_hex",
					"strict" : false
				},
				{
					"name" : "S5_hex",
					"strict" : false
				},
				{
					"name" : "S6_hex",
					"strict" : false
				},
				{
					"name" : "S7_hex",
					"strict" : false
				},
				{
					"name" : "S8_hex",
					"strict" : false
				},
				{
					"name" : "S9_hex",
					"strict" : false
				},
				{
					"name" : "S10_hex",
					"strict" : false
				},
				{
					"name" : "S11_hex",
					"strict" : false
				},
				{
					"name" : "S12_hex",
					"strict" : false
				},
				{
					"name" : "S13_hex",
					"strict" : false
				},
				{
					"name" : "S14_hex",
					"strict" : false
				},
				{
					"name" : "S15_hex",
					"strict" : false
				},
				{
					"name" : "S16_hex",
					"strict" : false
				},
				{
					"name" : "S17_hex",
					"strict" : false
				},
				{
					"name" : "S18_hex",
					"strict" : false
				},
				{
					"name" : "S19_hex",
					"strict" : false
				},
				{
					"name" : "S20_hex",
					"strict" : false
				},
				{
					"name" : "S21_hex",
					"strict" : false
				},
				{
					"name" : "S22_hex",
					"strict" : false
				},
				{
					"name" : "S23_hex",
					"strict" : false
				},
				{
					"name" : "S24_hex",
					"strict" : false
				},
				{
					"name" : "S25_hex",
					"strict" : false
				},
				{
					"name" : "S26_hex",
					"strict" : false
				},
				{
					"name" : "C",
					"strict" : false
				},
				{
					"name" : "D",
					"strict" : false
				},
				{
					"name" : "B",
					"strict" : false
				},
				{
					"name" : "A",
					"strict" : false
				},
				{
					"name" : "E",
					"strict" : false
				}
			]
		}
	]
}